# ************************************************************
# Sequel Pro SQL dump
# Version 4541
#
# http://www.sequelpro.com/
# https://github.com/sequelpro/sequelpro
#
# Host: 127.0.0.1 (MySQL 5.7.21)
# Database: webshop
# Generation Time: 2019-03-19 08:31:47 +0000
# ************************************************************


/*!40101 SET @OLD_CHARACTER_SET_CLIENT=@@CHARACTER_SET_CLIENT */;
/*!40101 SET @OLD_CHARACTER_SET_RESULTS=@@CHARACTER_SET_RESULTS */;
/*!40101 SET @OLD_COLLATION_CONNECTION=@@COLLATION_CONNECTION */;
/*!40101 SET NAMES utf8 */;
/*!40014 SET @OLD_FOREIGN_KEY_CHECKS=@@FOREIGN_KEY_CHECKS, FOREIGN_KEY_CHECKS=0 */;
/*!40101 SET @OLD_SQL_MODE=@@SQL_MODE, SQL_MODE='NO_AUTO_VALUE_ON_ZERO' */;
/*!40111 SET @OLD_SQL_NOTES=@@SQL_NOTES, SQL_NOTES=0 */;


# Dump of table brand
# ------------------------------------------------------------

DROP TABLE IF EXISTS `brand`;

CREATE TABLE `brand` (
  `id` int(11) NOT NULL AUTO_INCREMENT,
  `title` varchar(255) NOT NULL DEFAULT '',
  `description` text NOT NULL,
  `deleted` tinyint(1) NOT NULL DEFAULT '0',
  PRIMARY KEY (`id`)
) ENGINE=InnoDB DEFAULT CHARSET=utf8;

LOCK TABLES `brand` WRITE;
/*!40000 ALTER TABLE `brand` DISABLE KEYS */;

INSERT INTO `brand` (`id`, `title`, `description`, `deleted`)
VALUES
	(1,'Gibson','Orville Gibson begyndte med at lave mandoliner i 1884 i Kalamazoo, Michigan, USA. I 1902 blev Gibson Mandolin-Guitar Mfg. Co, Ltd grundlagt for at markedsføre disse instrumenter. \nI 1919 ansætter Gibson en ung lovende instrument mager og musiker som hed Lloyd Loar. Loar sætter en bølge af produkt udvikling i gang der blandt andet fører til en række nyskabelser indenfor banjo, mandolin og guitar design. Bl.a. lanceres i 1922 den berømte Gibson F5 mandolin og Loar opfinder den moderne jazz guitar ved at give den F-huller og forlænger samtidigt halsen således at broen rykkes tættere på midten af guitaren, hvilket giver guitaren væsentligt mere volumen og tone. Dette fører til at Gibson bliver den førende producent af jazz guitarer i USA. \nI 1930\'erne forsker Gibson i electrificeringen af guitaren, hvilket fører til Gibsons første elektriske guitar, som lanceres i 1936 under navnet ES-150. Og det er endvidere i 30\'erne at Gibsons J-45 og J-200 western guitarer introduceres Gibson stopper stort set produktionen under anden verdenskrig på grund af mangel på træ og metal til at bygge guitarer af, men i 1948 ansætter Gibson, Ted McCarty, hvilket bliver starten på Gibsons mest fremgangsrige periode. Under McCartys ledelse udvikler Gibson alle de instrumenter som i dag er grundstammen i Gibsons udvalg og som i mange tilfælde er gået hen og blevet både legendariske og myte omspundne. Det er bl.a. i denne periode at Les Paul modellen lanceres, enda i den form som vi stadig kender idag, nemlig Standard, Custom, Junior og Special modellen. I 1957 opfinder Gibson den moderne humbucker pickup som vi stadig kender som PAF (\"Patent Applied For\") modellen, året efter se den første ES-335 dagens lys og samme år lanceres både Flying V og Explorer modellen. I 1960 kommer de første Gibson Hummingbirds på markedet og i 1961 kommer den berømte Gibson SG. \nI 1974 overtages Gibson af Norlin Musical Instruments hvilket fører til et årti med tilbage gang hvilket resulterer i at Gibson står på randen af konkurs i 1986. Dog lykkedes det Norlin at sælge Gibson til 3 amerikansk/britiske forretnings mænd, nemlig Henry E. Juszkiewicz, David H. Berryman og Gary A. Zebrowski, hvilket bliver Gibsons redning og starten på en ny guldalder for Gibson. Gibson Guitar Corporation er i dag en af verdens mest kendte fabrikanter af guitarer. som, udover Gibson også omfatter Epiphone, Kramer. og Garrison\n\n',0),
	(2,'Fender','Fender Musical Instruments Corporation (tidligere Fender Electric Instrument Company) blev grundlagt af Clarence \"Leo\" Fender i 1946. I 1954 blev el-guitaren Stratocaster introduceret og er siden blevet et varemærke for Fender.',0),
	(3,'Epiphone','Epimanondas Stathopoulos grundlagde Epiphone i 1924. Han var græsk indvandrer i New York og kombinerede sit fornavn Epi med phone, det græske ord for lyd. I starten handlede det mest om banjoer, men i gennem 30´erne kæmpede Epiphone med ærkerivalerne Gibson om herredømmet på guitarmarkedet. Gibson købte Epiphone i 1957, og mærket fik stor succes i hænderne på The Beatles. I dag spiller bl.a. Tony Iommi, Paul Weller, Katie Melua og Paul McCartney Epiphone.',0),
	(4,'Squier','Squier er det navn, Fender bruger til guitarer og basser, der bliver fremstillet på fabrikker ikke direkte ejet af Fender selv. Squier var oprindelig en amerikansk baseret strengefabrikant, som Fender købte i 1965. Fender gemte dog navnet til 1982, da man lancerede en serie af billigere versioner af firmaets mange ikon-instrumenter. Nogle af disse japansk fremstillede guitarer er siden blevet samlerobjekter. \r\n  \r\nSquier er i dag et af verdens mest udbredte guitarmærker, hvilket tydeligt afspejles i det store udvalg, 4Sound har. Squier fremstiller Stratocaster, Telecaster, Jazz Bass, Precision Bass samt en lang række spændende signatur-modeller, der er overordentligt velbyggede og vellydende. Og hvem andre skulle ellers kunne lave gode billige Fender-instrumenter end Fender selv?\r\n\r\n',0),
	(5,'Martin','Det er umuligt at komme uden om Martin, når det drejer sig om stålstrengs guitarer. For det første ville der slet ikke findes guitarer, som vi kender dem, hvis det ikke havde været for Martin. Det gamle firma har på egen hånd skabt mange af de features, vi idag tager for givet på en hvilken som helst guitar - fx. dreadnought-formen og X-brace-afstivning af dækket. Ingen anden producent har i den grad præget instrumentets udvikling, og det faktum at Martin stadig er familie-ejet og med introduktionen af nye, banebrydende modeller bliver ved med at udfordre vores forstilling om, hvad en akustisk guitar er, er intet mindre end imponerende. Dernæst er håndværket altid i top; i de seneste år har Martin lanceret nogle billigere modeller, men de er aldrig gået på kompromis med kvaliteten, og på nær X-serien, laves alle modeller fortsat på deres fabrik i Pennsylvania.',0),
	(6,'Taylor','Taylor guitarer er baseret i El Cajon, Californien, og har været banebrydende for nogle af de mest succesfulde nyskabelser i akustisk guitar fremstilling i de seneste tre årtier. Etableret i 1974, steget Taylor hurtigt fra en mands drøm om at blive bedst sælgende akustiske guitar brand i Nordamerika.\n\nBredt udbud af kroppen størrelser og tone skoven i området fra Gear4music.com sikrer, at der er en Taylor guitar for hver spiller. Kendt for fremragende spilleegenskaber og rig, afbalanceret toner, hver guitar i linjen Taylor op kunne anses leader i sin kategori.',0),
	(7,'Yamaha','Yamaha er et af de største navne indenfor den moderne akustiske guitarverden. Med over 40 års erfaring, bliver Yamaha akustiske guitarer rost for deres balance mellem det traditionelle og det allernyeste. Med brugere som Bob Dylan og Jeff Beck, har Yamaha akustiske guitarer vist sig at være et levedygtigt alternativ på det akustiske guitarmarked.',0),
	(8,'Ibanez','Ibanez er en af de første Japanske guitarproducenter, som for alvor fik tag i det amerikanske og europæiske guitarmarked. Ibanez guitarer og basser laves af Hoshino som også er kendt for de populære Tama Trommesæt. Hoshino imorterede og solgte i starten af 1930\'erne, spanske guitarer af mærket Salvador Ibanez. Da Ibanez fabriken blev ødelagt under den spanske borgerkrig, beslutede Hoshino at købe retten til Ibanez navnet og begyndte i 1935 selv at producere guitarer under dette navn. I 1960\'erne begyndte Ibanez at producere billige kopier af Fender, Gibson og Rickenbacker guitarer hvilket førte til den såkaldte \"lawsuit\" periode, dette førte til at Ibanez blev tvunget til at udvikle deres egne modeller bl.a. den berømte Iceman og de populære Ibanez Roadstar guitarer. I slutningen af 80\'erne indgår Ibanez i et samarbejde med Steve Vai, hvilket fører til lanceringen af JEM og Universe guitarerne, dette bliver en stor succes for Ibanez som efterfølgende lancerer RG serien som et billigere alternativ til JEM modellerne. Ibanez er i dag det førende Japanske guitarmærke, at de er nået så vidt skyldes i høj grad at de har forstået at indrage nogle af verdenens førende og mest progressive guitarister og bassister i udviklingen af nye guitarer. Musikere som Joe Satriani, Steve Vai, John Petrucci, Pat Metheny, Joe Pass, Gary Willis, George Benson, Frank Gambale, Steve Lukather og mange flere har igennem tiden haft en aktiv indflydelse på Ibanez og de instrumenter de fremstiller.',0),
	(9,'Supreme','',0),
	(10,'Everdeen','',0),
	(11,'Musicman','',0),
	(12,'Furch','',0),
	(13,'Cort','Der er ikke mange, der ved det, men Cort er verdens største producent af guitarer og basser. Firmaet, der har fabrikker i Korea, Indonesien og Kina, laver ikke bare instrumenterne, der sælges under eget navn, men det er også dem, der producerer de billigere guitarer, basser, ja, sågar forstærkere for firmaer, som Fender, PRS, Lakland, G&L, Line 6 og mange flere. Sådan en position får man ikke, hvis man ikke leverer varen, og Cort har da også altid leveret ren kvalitet til meget små priser. Ser man på deres dyrere modeller, forbavses man over det høje niveau af håndværk, og celebre musikere, som Larry Coryell, Hiram Bullock og T.M. Stevens har kastet deres kærlighed på Cort. Synes du, det lyder fristende? Det kan være, du spiller på en Cort uden at vide det…',0),
	(14,'Korg','Korg blev grundlagt i Japan i de tidlige 60’ere af Tsutomu Katoh og hans kollega Tadashi Osanai. I 1963 introduceredes deres førstefødte Doncamatic DA-20, en elektrisk rytmeboks baseret på roterende plader. Katoh blev kontaktet af Fumio Mieda, en ingeniør, som ville bygge en ny type orgel, som desuden var programmerbar. Mieda havde i praksis konstrueret en synthesizer. 50 eksemplarer blev fremstillet og blev solgt under navnet Korg, som var en sammentrækning af navnet Keio og Organ. Resten er musikhistorie. Siden 70’erne har Korg udviklet en mængde banebrydende produkter. Alt fra Mini Korg , PE-1000 ,MS-20 , PolySix , verdens første Workstation Korg M1 ,Wavedrum og Kaoss -produkterne til verdens meste solgte synth, Microkorg , og nu i 2011: Korg Kronos . I 1975 lancerede man også verdens absolut første tuner i lommeformat, WT-10, et produkt, som siden da har fået utallige efterfølgere.',0),
	(15,'Nord','Clavia, som i 2008 omdøbte firmaet til Nord, blev grundlagt 1983 i en kælder i Stockholm af Hans Nordelius og Mikael Carlsson. Siden er Nord blevet en verdenssucces, og de fleste af de karakteristisk røde keyboard-modeller har da også vundet priser gentagne gange verden over.',0),
	(16,'Roland','Roland blev etableret i 1972 i Osaka, Japan og var allerede i 1973 repræsenteret på musikmessen NAMM Show i Los Angeles, hvor de første Rytmebokse (TR-33, TR-55 og TR-7) blev vist frem sammen med præsentationen af Rolands første synthesizer SH-1000. I 1974 kom så det første digitale piano, nemlig EP-30, der markerede begyndelsen på en dominerende rolle som udvikler af digitale pianoer af højeste standard brugt af professionelle musikere, rytmiske såvel som klassiske verden over. Roland har siden hen udviklet deres unikke V-series af instrumenter, der nu betegnes som det ypperligste inden for digitale instrumenter, lige fra piano og keyboards til accordions, trommer, guitarforstærkere og pedaler.',0),
	(17,'Akai','Akai Professional hører til i den lille og eksklusive klub af producenter vis produkter har haft en direkte indflydelse på den måde musikere tænker og laver musik. Akai Professional blev grundlagt i 1984 som et datterselskab af Akai, som på det tidspunkt udelukkende fremstillede hifi udstyr. Akai Professional lancerede allerede i 1985 verdens første integrerede 12-spors mixer/recorder og i 1986 kom den legendariske Akai S900 sampler til verdenen. Umiddelbart efter kom den første MPC, Akai MPC60, en integreret sampler, trommemaskine og MIDI sequencer som blev et uundværligt værktøj for denne tids rap og hip hop kunstnere. Akai\'s kraftige produktudvikling har ligeledes ført til store landvindinger indenfor harddisk recording hvor Akai i 90\'erne lancerede de første 8 og 16 spors harddisk recordere der var til at betale. Akai Professional fremstiller i dag keyboards, lydkort, kontrollere, grooveboxe, og samplere i topkvalitet.',0),
	(18,'Roli','',0),
	(19,'Moog','',0);

/*!40000 ALTER TABLE `brand` ENABLE KEYS */;
UNLOCK TABLES;


# Dump of table product
# ------------------------------------------------------------

DROP TABLE IF EXISTS `product`;

CREATE TABLE `product` (
  `id` int(11) unsigned NOT NULL AUTO_INCREMENT,
  `item_number` varchar(255) NOT NULL DEFAULT '',
  `title` varchar(255) NOT NULL DEFAULT '',
  `description_short` text NOT NULL,
  `description_long` text NOT NULL,
  `image` varchar(255) NOT NULL DEFAULT '',
  `price` double(16,2) NOT NULL DEFAULT '0.00',
  `stock` int(11) NOT NULL DEFAULT '0',
  `brand_id` int(11) DEFAULT NULL,
  `created` datetime NOT NULL DEFAULT CURRENT_TIMESTAMP,
  `active` tinyint(1) NOT NULL DEFAULT '0',
  `deleted` tinyint(1) NOT NULL DEFAULT '0',
  PRIMARY KEY (`id`),
  KEY `brand_id` (`brand_id`),
  CONSTRAINT `product_ibfk_1` FOREIGN KEY (`brand_id`) REFERENCES `brand` (`id`)
) ENGINE=InnoDB DEFAULT CHARSET=utf8;

LOCK TABLES `product` WRITE;
/*!40000 ALTER TABLE `product` DISABLE KEYS */;

INSERT INTO `product` (`id`, `item_number`, `title`, `description_short`, `description_long`, `image`, `price`, `stock`, `brand_id`, `created`, `active`, `deleted`)
VALUES
	(1,'551104','Les Paul Deluxe Player Plus Satin Vintage Sunburst','El-guitar med mahognikrop, AA ahorntop, mahognihals med gribebræt af richlite, hvide bindinger og 2 x Mini Humbuckers. Inkl. Hardshell case.','El-guitar med mahognikrop, AA ahorntop, mahognihals med gribebræt af richlite, hvide bindinger og 2 x Mini Humbuckers. Inkl. Hardshell case.\nGibson\'s 2018 modeller leveres med \"cryogenically treated frets\", hvor alle bånd behandles ved meget lave temperaturer (lavere end -185 ℃) for at modstå mere slid end normalt. De føles nøjagtigt som traditionelle bånd, men tåler meget mere. Modellerne, der ikke inkluderer guitarkasse, leveres i en polstret blød taske, der erstatter tidligere gigbag-design. HP-modellerne har opgraderede og hurtigere G-FORCE systemer, og Gibson 2018 præsenterer også helt nye farver som Cobalt Burst, Mojave Burst, Blood Orange Burst og Autumn Shade. \n\nSpecifikationer\nKrop: Mahogni\nTop: AA ahorn\nHvide bindinger\nHals: mahogni\nHalsprofil: Rounded\nSadelbredde: 1.695\"\nGribebræt: Richlite\nSkalalængde: 24.75\"\nAntal bånd: 22\nSadel: Tektoid\nIndlæg i gribebræt: Acrylic Traps\nStol: Tune-O-Matic med Titanium Saddles\nTailpiece: Stop Bar\nKnapper: Black Tophats w/ Silver Inserts\nStemmeskruer: Kidneys\nHardware finish: Krom\nPickupper: 2 x Mini Humbuckers\nKontroller: 2 x volume, 2 x tone, 3-vejs pickupswitch\nInkl. Hardshell case','les-paul-deluxe-player-plus-satin-vintage-sunburst.jpeg',23399.00,2,1,'2019-03-04 08:36:00',1,0),
	(2,'530721','ES-335 Satin 2018 Walnut','El-guitar Semi-hollowbody model med krop af ahorn/poppel/ahorn, mahognihals med Rosewood gribebræt og Burstbucker pickupper. Inkl. kasse.','El-guitar Semi-hollowbody model med krop af ahorn/poppel/ahorn, mahognihals med Rosewood gribebræt og Burstbucker pickupper. Inkl. kasse.\nLimited Release-model med samme udseende og byggekvalitet som ES-335 Traditional, men i Satin finish. Klassiske Gibson-egenskaber som mahognihals, gribebræt af Rosewood og centerblok af ahorn. ABR-1 bro med titansadler, Grover 102 Rotomatic-stemmeskruer, MTC Control Assembly og Burstbucker 1 & 2 pickupper.\n\nSpecifikationer\nKrop: 3-lag ahorn/poppel/ahorn\nCenterblok: Ahorn\nBracing: Gran\nBinding: Single-ply cream\nHals: Quarter-sawn mahogni\nHalsprofil: Rounded “C”, Rolled Binding\nGribebræt: Rosewood\nIndlæg: Pearloid Small Block\nOversadel: Ben\nOversadelbredde: 1.687”\nSkalalængde: 24.75”\nAntal bånd: 22\nHardware: Satin nickel\nBro: ABR-1 med titansadler\nStemmeskruer: Grover 102 Rotomatics\nPickupper: Burstbucker 1 (hals) og Burstbucker 2 (bridge)\nInkl. Hardshell Case','es-335-satin-2018-walnut.jpeg',19199.00,4,1,'2019-03-04 08:42:31',1,0),
	(3,'530737','ES-275 Custom 2018 | Ebony','El-guitar Hollowbody model med top, sider og bund af 3-lags flammet ahorn/poppel, mahognihals med gribebræt af mørk Rosewood og MHS Humbucker pickupper. Inkl. kasse.','El-guitar Hollowbody model med top, sider og bund af 3-lags flammet ahorn/poppel, mahognihals med gribebræt af mørk Rosewood og MHS Humbucker pickupper. Inkl. kasse.\nES-275 Custom 2018 i Sunset Burst finish er en klassisk archtop født på ny, designet med tanke på moderne guitarister. ES-275 Custom hædrer Gibsons lange tradition med enestående jazzguitarer både udseende-, lyd-, og følelsesmæssig, og giver guitarister inden for alle genrer et tidløst instrument med egenskaber som gribebræt af Rosewood, thinline-krop med single-cutaway og god tilgang til de høje bånd. ’Milk Bottle’ rotomatic-stemmeskruer og ABR-1 bro med titansadler som sørger for nøjagtig intonation og stemmestabilitet. Hand-wired Orange Drop-kondensatorer, 550K matchede potter og MHS Humbucker pickupper sørger for at Gibson ES-275 lyder fantastisk.\n\nSpecifikationer\nTop: 3-lags ahorn/poppel/ahorn\nBund: 3-lags ahorn/poppel/ahorn\nBracing: Quarter Sawn Adirondack Spruce\nBindinger: Multi-ply\nHals: Quarter Sawn Mahogany\nHalsprofil: Rounded ”C”, Rolled Binding\nGribebræt: Mørk Rosewood\nIndlæg: Mother of Pearl Full Block\nOversadelbredde: 1.687”\nSkala: 24.75”\nBånd: 22\nHardware: Guldfinish\nBro: ABR-1 med titansadler og rosewood stol\nTailpiece: Three Bar Archtop\nStemmeskruer: Grover \'Milk Bottle\' Rotomatics\nHalspickup: MHS Humbucker Rhythm\nBropickup: MHS Humbucker Lead\nKontroller: 2 volum, 2 tone, 3-vejs switch\nInkl. Hardshell Case','es-275-custom-2018-ebony.jpeg',29719.00,3,1,'2019-03-04 08:47:43',1,0),
	(4,'531147','Les Paul Standard 2018 Left Hand Blood Orange Burst','El-guitar venstrehåndet med mahognikrop og AAA flammet ahorntop, mahognihals med Rosewood gribebræt og Burstbucker Pro pickupper. Inkl. kasse.','El-guitar venstrehåndet med mahognikrop og AAA flammet ahorntop, mahognihals med Rosewood gribebræt og Burstbucker Pro pickupper. Inkl. kasse.\nLes Paul Standard 2018 kan skilte med “Ultra-Modern” vægtreduktion, en flot AAA-Grade flammet ahorntop, Assymetrical Slim Taper-halsprofil med gribebræt med compound radius og “cryogenic” båndbehandling ved ekstremt lave temperaturer. Alle volume- og tonekontroller er push-pull, og tilbyder coil tap på begge pickupper, pure bypass og phase reverse. Les Paul Standard T 2017 er udstyret med opgraderede PAF-inspirerede Burstbucker Pro Rhythm og Lead pickupper og Locking Kidney låsbare stemmeskruer. \n\nGibson\'s 2018 modeller leveres med \"cryogenically treated frets\", hvor alle bånd behandles ved meget lave temperaturer (lavere end -185 ℃) for at modstå mere slid end normalt. De føles nøjagtigt som traditionelle bånd, men tåler meget mere. Modellerne, der ikke inkluderer guitarkasse, leveres i en polstret blød taske, der erstatter tidligere gigbag-design. HP-modellerne har opgraderede og hurtigere G-FORCE systemer, og Gibson 2018 præsenterer også helt nye farver som Cobalt Burst, Mojave Burst, Blood Orange Burst og Autumn Shade.\n\nSpecifikationer\nModel: Lefthand\nTop: AAA flammet ahorn\nKrop: Mahogni\nFinish: Gloss Nitrocellulose\nVægtreduktion: Ultra-Modern\nBindinger: Cream\nHals: Mahogni\nHalsprofil: Asymmetrical Slim Taper\nSadelbredde: 1.695”\nGribebræt: Rosewood med Compound Radius\nBånd: 22 Medium (behandlet ved meget lav temperatur),\nMensur/skalalengde: 24.75”\nOversadel: Tektoid\nBro: Tune-O-Matic med StopBar tailpiece (aluminium)\nStemmeskruer: Locking Kidney\nHardware: Krom\nPickupper: 2 x Burstbucker\nKontroller: 2 x volume, 2 x tone, 3-vejs switch, 4 x Push-pull (coil-tap, pure bypass, phase)\nInkl. Gibson-kasse, Gibson USA multiværktøj, rem, pudseklud, ekstra strengesæt og fret protector','les-paul-standard-2018-left-hand-blood-orange-burst.jpeg',19379.00,1,1,'2019-03-04 08:52:11',1,0),
	(5,'591580','American Performer Telecaster, MN Vintage White','El-guitar med krop af el, ahornhals med Modern \"C\"-profil og gribebræt af ahorn, Yosemite Single-Coil Tele pickupper, og Greasebucket Tone Circuit. Inkl. Deluxe gigbag.','El-guitar med krop af el, ahornhals med Modern \"C\"-profil og gribebræt af ahorn, Yosemite Single-Coil Tele pickupper, og Greasebucket Tone Circuit. Inkl. Deluxe gigbag.\nFender American Performer-serien erstatter American Special, og er dermed Fenders billigste Amerika producerede serie. American Performer er kvalitets instrumenter som ikke koster det vilde, og består af kendte Fender-klassikere som bl.a. Telecaster, Stratocaster, Jazzmaster og Mustang.\n\nAmerican Performer-modellerne har matlakeret hals og Modern “C”-profil. Modellerne er også udstyret med Yosemite og DoubleTap pickupper, med voicing som matcher hver enkelt model og pickup position. Et Greasebucket Tone System lader dig dæmpe diskanten uden tab af gain. Leveres i Fender Deluxe Gigbag. En ægte Fender fra Corona, California!\n\nSpecifikationer\nKropsmateriale: Elletræ gloss polyuretan finish\nKropsform: Telecaster\nHalsmateriale: Ahorn, satin finish\nHalsprofil: Modern “C”\nGribebræt: Ahorn, 9.5\" radius (241 mm)\nOversadel: Syntetisk ben\nOversadelbredde: 1.650” (42 mm)\nIndlægg i gribebræt: Sorte “dots”\nTruss Rod: Standard, ⅛” American Series\nAntal bånd: 22\nBånd: Jumbo\nSkalalængde: 25.5” (648 mm)\nBropickup: Yosemite Single-Coil Telecaster\nHalspickup: Yosemite Single-Coil Telecaster\nKontroller: Master Vol, Master Tone, Greasebucket Tone Circuit, 3-vejs switch\nBro: 3-Saddle Strings-Thru-Body Tele\nStemmeskruer: Fender Classic Gear\nKnapper: Knurled Flat-Top\nNeck Plate: 4-Bolt\nHardware: Nikkel/krom\nInkl. Deluxe Gig Bag','american-performer-telecaster-mn-vintage-white.jpeg',8949.00,8,2,'2019-03-04 08:56:21',1,0),
	(6,'551223','Eric Johnson Signature Stratocaster Thinline 2-Color Sunburst','El-guitar Eric Johnsom signaturmodel, Semi-hollowbody med F-hul, krop af el, ahornhals med Soft \"V\"-profil, gribebræt af ahorn, 3 x Eric Johnson Single-Coil pickupper og nitrolak. Inkl. Deluxe Blonde Hardhell case.','El-guitar Eric Johnsom signaturmodel, Semi-hollowbody med F-hul, krop af el, ahornhals med Soft \"V\"-profil, gribebræt af ahorn, 3 x Eric Johnson Single-Coil pickupper og nitrolak. Inkl. Deluxe Blonde Hardhell case.\nEric Johnson Signature Stratocaster Thinline er en semi-hollow Stratocaster med krop af elletræ. Denne model, med lav vægt og det distinkte F-hul, er signaturmodellen til Eric Johnson, og er resultatet af to års samarbejde mellem ham og Fender. Målet var at udvikle en el-guitar i skæringspunktet mellem hans egen strat og personlige favoritter med semi-hollow konstruktion, som giver lyden en helt anden grad af luft og resonans.\n\n\n\nModellen er udstyret med custom Eric Johnson single-coil pickupper, skabt af R&D hos Fender for optimalt at kunne reproducere sounden til Eric Johnson. Sættet kombinerer Alnico 3 og 5-magneter, og har en noget hottere pickup ved broen.\n\nAhornhalsen har “Soft V”-profil som er en afrundet, men alligevel fyldig, V-hals. Gribebrættet er af ahorn, og har 12” radius. Vintage-style tremolo uden dæksel på baksiden, nitrocelluloselak. Leveres i custom hardcase.\n\nHighlights\nKonstruktion: Semi-hollowbody\nKropsform: Stratocaster\nKrop: El\nFinish krop/hals: Gloss Nitrocellulose\nHals: Ahorn\nHalsprofil: Soft “V”\nGribebræt: Ahorn\nBånd: 21 Medium Jumbo\nIndlæg i gribebræt: Dot, sorte\nRadius: 12” (305 mm)\nOversadel: 1.650” (42 mm), ben\nTruss Rod/nut: Vintage-Style Slotted\nMensur/skala: 25.5\" (648 mm)\nPickupper: 3 x Specially Voiced Eric Johnson Single-Coil with Countersunk Mounting Screws\nKontroller: Master Volume, Tone 1, Tone 2, 5-veis switch\nBro: 6-Saddle Vintage-Style Synchronized Tremolo\nStemmeskruer: Vintage-Style Staggered\nHardware: Nikkel/krom\nStrenge: Fender USA, NPS, (.010-.046 Gauges)\nInkl. Deluxe Blonde Hardshell case\n','eric-johnson-signature-stratocaster-thinline-2-color-sunburst.jpeg',18649.00,6,2,'2019-03-04 09:09:35',1,0),
	(7,'576745','Slash Firebird Premium Outfit','El-guitar Limited edition Slash Firebird signatur, kun 100 stk. worldwide med Seymour Duncan pickupper.','El-guitar Limited edition Slash Firebird signatur, kun 100 stk. worldwide med Seymour Duncan pickupper.\nEpiphone præsenterer en Limited edition Slash Firebird, guitaren er designet af legenden selv og der bliver kun lavet ialt 100 stk. worldwide. Hver af dem bliver personligt nummereret og signeret af Slash, der medfølger desuden Hard case med Slash´s \"Skull & bones\" logo. Guitaren har AAA flammet ahorn top og er monteret med Seymour Duncan Slash pickupper.\n\nSpecifikationer\nkun 100 stk. worldwide\nSkull & Bones logo Hard Case\nSeymour Duncan Slash open coil humbuckers\nMahogni krop og hals\nAhorn top\nPau Ferro gribebrædt\nOrange drop capacitors\nABR Tune-o-matic and Stopbar','slash-firebird-premium-outfit.jpeg',9949.00,3,3,'2019-03-04 09:14:12',1,0),
	(8,'566633','Sheraton-II PRO CF Wine Red','El-guitar Semi-hollowbody med krop af ahorn, hals af ahorn/valnød, gribebræt af pau ferro med pearloid- og abaloneindlæg og 2 stk. ProBucker humbucker pickupper.','El-guitar Semi-hollowbody med krop af ahorn, hals af ahorn/valnød, gribebræt af pau ferro med pearloid- og abaloneindlæg og 2 stk. ProBucker humbucker pickupper.\nEpiphone Sheraton-II PRO har Epiphones berømte thinline semi-hollowbody electric archtop, og har nu fået utroligt smukke ProBucker pickups med coil-split og Graphtech NuBone XL-sadel. Guitaren fejres af blueslegenden John Lee Hooker og er blevet anerkendt for kombinationen af fantastisk lyd og smukke pearloide og abalone indlæg. Originalen blev så dagens lys i 1959, inspireret af Les Pauls første solidbody - \"The Log\", som Les byggede på Epiphone fabrikken på Manhattan allerede i 1940.\n\nJohn Lee Hooker beskrev den originale Sheraton-model som en \"out-did 335\", med tanke på de utroligt flotte halsindlæg, den klassiske form, elegante elfenbensbindinger på krop, hals og hoved, og F-hullerne. Den nye Sheraton II har samme profil og er lavet af lamineret ahorn toppet med plekterplade med Epiphones signatur \"E\" og klassiske bindinger.\n\nEpiphone Sheraton-II Pro er udstyret med ProBucker-2 i halsposition og en noget hottere ProBucker-3 i broposition. Begge pickupper har coil-split via individuelle volumekontroller. Coil-splitting gør det muligt at lave en humbucker om til en single-coil, og på den måde åbne op for flere tonale muligheder.','sheraton-II-pro-cf-wine-red.jpeg',5612.00,12,3,'2019-03-04 09:19:08',1,0),
	(9,'302744','John 5 Telecaster Frost Gold','El-guitar med krop af elletræ, ahornhals med gribebræt af rosentræ og to custom humbucker pickupper.','El-guitar med krop af elletræ, ahornhals med gribebræt af rosentræ og to custom humbucker pickupper.\nShredder og riffmester John 5 har nu lagt en Squier-model til sine Fender signature-modeller. Med elletræskrop, custompickupper, matching headstock og slagplade af børstet stål får du en utroligt lækker og velspillende spade til meget få penge. \n\nSpecifikationer \nBody: Alder\nFinish: Polyester Finish\nNeck: 1-Piece Maple, Modern “C\" Shape, (Gloss Polyester Finish)\nFingerboard: Rosewood 12\" Radius (305mm)\nFrets: 22, Medium Jumbo\nScale Length: 25.5\" (648 mm)\nNut Width: 1.650\" (42 mm)\nHardware: Chrome\nTuning Keys: Die-Cast Tuners\nBridge: Tele 6-Saddle Bridge for Humbucking Pickup\nPickguard: Polished Stainless Steel Pickguard\nPickups:\nNeck: Custom Humbucking Pickup; AlNiCo II Magnet \nBridge: Custom Humbucking Pickup; Ceramic Magnet \n3-Position Toggle:\nPosition 1. Bridge Pickup \nPosition 2. Bridge and Neck Pickups \nPosition 3. Neck Pickup \nControls Volume (Bridge Pickup), Volume (Neck Pickup)\nFender Super 250L, (.009 to .042) Nickel Plated Steel\n“C\" Shape Maple Neck, Matching Black Painted Headstock,\nBound Top and Back, Toggle Switch Mounted on Upper \nBout, Chrome Switch Tip, Front Volume Control for Bridge \nPickup, Rear Volume Control for Neck Pickup, Polished \nStainless Steel Pickguard, White Dot Position Inlays, Silver \nSquier Logo, Synthetic Bone Nut','john-5-telecaster-frost-gold.jpeg',3499.00,14,4,'2019-03-04 09:23:04',1,0),
	(10,'31625','Affinity Stratocaster MN Black','El-guitar med krop af elletræ, ahornhals, tremolo, 3 singlecoil pickupper og chrome hardware.','El-guitar med krop af elletræ, ahornhals, tremolo, 3 singlecoil pickupper og chrome hardware.\nMan skal lede længe efter en bedre deal på en Stratocaster. Med 1960´er hoved, tre singlecoil-pickupper og standard tremolosystem har denne Affinity-serie den helt rigtige vintage feel til den helt rigtige pris. \n\nSpecifikationer Squier Affinity Stratocaster\nKrop af elletræ\nC-shape ahornhals\nRosentræsgribebræt 9,5\" profil\n21 medium jumbobånd\n3 Strat singlecoil pickupper\nKontroller: Master volume, tone 1 bridgepickup, tone 2 neckpickup\n5-vejs pickupswitch\nSynchronous tremolo\nFender støbte, lukkede mekanikker\nKrom hardware\n1-lags slagplade\nMonteret med Fender Super 250L strenge 009-042','affinity-stratocaster-mn-black.jpeg',1499.00,11,4,'2019-03-04 09:27:21',1,0),
	(11,'301251','OM-28E Retro','Akustisk/elektrisk western-guitar med East Indian Rosewood krop og dæk i Sitka gran, Hardwood hals med ibenholt gribebræt og Fishman F1 Aura + elektronik.','Akustisk/elektrisk western-guitar med East Indian Rosewood krop og dæk i Sitka gran, Hardwood hals med ibenholt gribebræt og Fishman F1 Aura + elektronik.\nOM-28E er en moderne genskabelse af den klassiske Orchestra model. Martin OM-28E Retro er ideel til guitaristen som nyder Fingerstyle teknikker og modellen har et tydeligt vintage-inspireret design, der samtidigt byder på moderne spilbarhed.\n\nSpecifikationer\nKropstype: 000-14 Fret\nKrop: East Indian Rosewood\nDæk: Sitkagran\nHals: Udvalgt hardwood\nRadie: 16\"\nGribebræt: Ibenholt\n20 bånd\nSkala: 25.4\"\nStol: Ibenholt\nFinish: Gloss, hals Satin\nInkl. Ply Hardshell','om-28e-retro.jpeg',30849.00,3,5,'2019-03-04 09:30:22',1,0),
	(12,'11704','DRS1 Natural','Akustisk Dreadnought westernguitar med dæk, sider og bund i massiv sapele, gribebræt af richlite og Fishman Sonitone pickup. Inkl. kasse.','Akustisk Dreadnought westernguitar med dæk, sider og bund i massiv sapele, gribebræt af richlite og Fishman Sonitone pickup. Inkl. kasse.\nMartin DRS1 markerer en tilbagevenden af Martins Road serie fra 2001. Serien er designet specifikt til de guitarister der søger en hårdfør og billig guitar men som ikke er villige til at gå på kompromis med guitarens klang.\n\nI modsætning til den oprindelige Road serie så er Martin DRS1 udrustet med et massivt dæk. Kroppen er lavet af massivt sapele mens halsen er konstrueret af et multi-laminat ved navn Stratabond. Stratabond fremstilles af hvid birk, som er farvet og lamineret i store blokke, før de bliver skåret i form. Denne proces øger stivheden og stabiliteten hvilket er afgørende for kvaliteten af en guitar hals. gribebrætet og bro er lavet af richlite med stol i corina og en kompenseret saddel udført i tusq. Martin DRS1 er ydermere udrustet med et Fishman Sonitone pickupsystem hvor preampen er strategisk monteret i lydhullet med kontroller for volume og tone.\n\nSelvom sapele hører til de tungere træsorter så er DRS1 stadig en fornøjelse at spille på. Den modificerede \"Low Oval\" halsprofil kombineret med en 43 mm stol giver en kraftig hals som på intet tidspunkt bliver for klodset eller for svær at håndtere. Barre akkorder op og ned på halsen er en leg, og enkelt toner kan man problemfrit spiller op til 16/17 bånd.\n\nLydmæssigt imponerer Martin DRS1 med en påtrængende, overtonerig og livlig tone. I det dybe område leverer den en kvik og stram bas mens diskanten er lys, klar mens den samtidigt tilføjer en smule sødme til guitarens klang. Prøver man Martin DRS1 vil man bemærke den veldefinerede mellemtone som både gør guitaren velegnet til akkordspil og til diverse former for plekter eller fingerspil. Prisen på guitaren er inkl. kasse.','drs1-natural.jpeg',7549.00,0,5,'2019-03-04 21:08:41',1,0),
	(13,'12164','D-45 Natural','Akustisk westernguitar i dreadnaught-størrelse med massivt Sitka-grandæk, skalloperet afstivning og krop i massiv rosentræ. Inkl. guitar-kasse.','Akustisk westernguitar i dreadnaught-størrelse med massivt Sitka-grandæk, skalloperet afstivning og krop i massiv rosentræ. Inkl. guitar-kasse.\nD-45 er kendt som den fornemste dreadnought på marketdet overhovedet. Samtlige aspekter af instrumentet er i absolut topklasse, og denne guitar må opleves - både visuelt og lydmæssigt - for helt at forstå, hvor god en guitar kan være. \n\nStandard-serien udgør kernen af Martins produktion. Det er her, du finder de klassiske modeller i alt fra det simple 18-design til den overdådige udsmykning på 45-modellerne. Disse designs fåes i et hav af klassiske Martin-størrelser, som fx. dreadnaught (D), grand concert (000) og auditorium (OM). Det er denne serie, der ligger til grund for Martins pletfri renommé, og guitarerne er blevet spillet på af alle fra Dylan, Young og Lennon til Hendrix, McCartney og Clapton. Hver af disse guitarer repræsenterer både et mesterværk indenfor instrumentbyggeri og en arbejdshest, der bare vil blive bedre og bedre... \n\nSpecifikationer \nKonstruktion: Mahogni blok/Dovetail halssamling \nKrop: D-14\nDæk: Massiv Sitka Gran med abalone indlæg sort/hvid/sort/hvid\nDæk afstivnings mønster: DOM\nAfstivnings materiale: Scalloperet 5/16  Sitka\nBund materiale: Massiv Østindisk palisander med abalone indlæg sort/hvid/sort/hvid\nSide materiale: Massiv Østindisk Palisander med abalone indlæg sort/hvid/sort/hvid\nHals materiale: Udvalgt Mahogni\nHals form: Low profile\nHoved belægning: Massiv Østindisk Palisander med tryk i Guldfolie\nGribebræt materiale: Massiv Sort Ibenholt\nMensur: 25,4\"\nStol materiale: Massiv Sort Ibenholt\nStemmemekanikker: Schaller Chrome med store knapper\nKasse: Hard Shell','d45-natural.jpeg',67199.00,1,5,'2019-03-04 21:13:16',1,0),
	(14,'530813','J-45 Walnut Burst','Akustisk/elektrisk dreadnaught westernguitar med Cutaway, massivt Sitkagran dæk, mahognihals med gribebræt af valnød og LR Baggs Element pickup. Inkl. kasse.','Akustisk/elektrisk dreadnaught westernguitar med Cutaway, massivt Sitkagran dæk, mahognihals med gribebræt af valnød og LR Baggs Element pickup. Inkl. kasse.\nJ-45 Walnut Avant Garde tilbyder en innovativ, slank krop med rund skulder og cutaway med alle de traditionelle byggeteknikker, der går igen ved hvert eneste Gibson Acoustic produkt. Et massivt Sitka grandæk med traditionel hånd scalloped bracing går her hånd i hånd med en smuk valnød ryg og sider, som giver en fuld og afbalanceret lyd med stor klarhed mellem hver streng.\n\nSpecifikationer\nKropsform: Round Shoulder\nDæk: Massiv Sitkagran\nSider og bund: Valnød\nHals: 2-delt Mahogni\nHalsprofil: Advanced Response\nGribebræt: Valnød\nRadius 16\"\nBånd 20\nStemmeskruer: Mini Grover\nFinish: Nitrocellulose Lacquer\n1/4\" mono udgang\nStrenge: 0.053, 0.042, 0.032, 0.024, 0.016, 0.012\nPickupsystem: LR Baggs Element med volume \nInkl. Hardshell case og Gibson Accessory Kit\n\nStolt, traditionelt guitarhåndværk findes stadig for dem, der er skeptiske over samlebåndsguitarer fra gigantiske kinesiske fabrikker. I den amerikanske bjergby Bozeman, Montana, har Gibson siden 1989 produceret alle deres akustiske guitarer og mandoliner. Det er Gibson, der gav liv til legender som J-45, SJ-200 og Hummingbird, og Gibson siger selv, at guitarerne fra Bozeman-fabrikken er de bedste akustiske Gibson-modeller i mere end et halvt århundrede. Guitarbyggerne i Bozeman er traditionsbundne håndværkere, der tager deres ansvar alvorligt, og som er stolte over både kvalitet og Gibson-navnet. Orville Gibsons værksted i Kalamazoo i 1890\'erne, archtop-guitarens fødested, kan virke fjernt i vores tid, men du kan føle dig tryg og sikker på, at faklen bæres videre i hjertet af Rocky Mountains.','j45-walnut-burst.jpeg',13679.00,2,1,'2019-03-04 21:17:01',1,0),
	(15,'549653','414ce-R','Akustisk/elektrisk Grand Auditorium westernguitar med cutaway, massivt dæk af sitkagran, massive sider og bund af indisk Rosewood, hals av tropisk mahogni med gribebræt af ibenholt og ES 2 pickupsystem. Inkl. kasse.','Akustisk/elektrisk Grand Auditorium westernguitar med cutaway, massivt dæk af sitkagran, massive sider og bund af indisk Rosewood, hals av tropisk mahogni med gribebræt af ibenholt og ES 2 pickupsystem. Inkl. kasse.\nTaylor er i dag et ligeså populært og velrenommeret firma som Martin og Gibson, når det kommer til akustiske guitarer. Men i modsætning til disse gamle giganter er Taylor Guitars et nyt foretagende, der blev stiftet i 1974. Når man tænker på på musikeres nærmest religiøse forhold til deres instrumenter (i særdeleshed til akustiske guitarer), så har det været et ekstremt svært marked at kæmpe sig ind på, og det er kun lykkedes p.g.a. én ting: Taylor laver suveræne guitarer. \n\nDe har gjort op med den gammeldags filosofi om, at \"håndlavet altid er bedst\" og benytter udelukkende manuel arbejdskraft dér, hvor de mener, det er den bedste løsning. Til andre dele af produktionen bruger de ultra-præcise, laser-styrede maskiner, der bl.a. er ansvarlige for de meget smukke perlemorsindlæg. Taylor-lyden er sprød og nærværende, håndværket er fejlfrit, og halsene er smalle og moderne, hvilket gør Taylor-guitarer til de mest spillevenlige akustiske guitarer på markedet. Gør som de kendte - spil Taylor! \n\nSpecifikationer\nKropsform: Grand Auditorium med venetiansk cutaway\nDæk: Massiv sitkagran\nSider og bund: Massiv indisk Rosewood\nHals: Tropisk mahogni\nBracing: Performance with Relief Rout\nMensur/skala: 25.5\"\nGribebræt: Ibenholt\nBånd: 20\nStemmeskruer: Taylor Nickel\nOversadel: Tusq\nSadel: Micarta\nElektronik: Expression System 2 preamp/piezo pickup\nInkl. Taylor Deluxe Hardshell Brown Case','414ce-r.png',19999.00,4,6,'2019-03-04 21:20:33',1,0),
	(16,'519741','322e 12-Fret','Akustisk/elektrisk Grand Concert westernguitar med massivt dæk af tropisk mahogni, masive sider og bund af Tasmanian blackwood, hals af tropisk mahogni med gribebræt af ibenholt og ES 2 pickupsystem. Inkl. kasse.','Akustisk/elektrisk Grand Concert westernguitar med massivt dæk af tropisk mahogni, masive sider og bund af Tasmanian blackwood, hals af tropisk mahogni med gribebræt af ibenholt og ES 2 pickupsystem. Inkl. kasse.\nTaylor er i dag et ligeså populært og velrenommeret firma som Martin og Gibson, når det kommer til akustiske guitarer. Men i modsætning til disse gamle giganter er Taylor Guitars et nyt foretagende, der blev stiftet i 1974. Når man tænker på på musikeres nærmest religiøse forhold til deres instrumenter (i særdeleshed til akustiske guitarer), så har det været et ekstremt svært marked at kæmpe sig ind på, og det er kun lykkedes p.g.a. én ting: Taylor laver suveræne guitarer. \n\nDe har gjort op med den gammeldags filosofi om, at \"håndlavet altid er bedst\" og benytter udelukkende manuel arbejdskraft dér, hvor de mener, det er den bedste løsning. Til andre dele af produktionen bruger de ultra-præcise, laser-styrede maskiner, der bl.a. er ansvarlige for de meget smukke perlemorsindlæg. Taylor-lyden er sprød og nærværende, håndværket er fejlfrit, og halsene er smalle og moderne, hvilket gør Taylor-guitarer til de mest spillevenlige akustiske guitarer på markedet. Gør som de kendte - spil Taylor! \n\nSpecifikationer\nKropsform: Grand Concert\nDæk: Massiv tropisk mahogni\nSider og bund: Massiv Tasmanian blackwood\nBracing: Performance with Relief Rout\nHals: Tropisk mahogni\nMensur/skala: 24-7/8\"\nGribebræt: Ibenholt\nBånd: 18\nOversadel: Tusq\nStemmeskruer: Classical Gold w/Synthetic Ivory Buttons\nSadel: Micarta\nElektronik: Expression System 2 preamp/piezo pickup\nInkl. Taylor Deluxe Hardshell Brown Case','322e-12-fret.png',17749.00,3,6,'2019-03-04 21:24:26',1,0),
	(17,'344738','LL16 ARE Brown Sunburst','Akustisk/elektrisk guitar med dæk af massiv A.R.E behandlet Engelmann gran, sider og bund af rosentræ, mahogni/rosentræhals med gribebræt af Ibenholt og Zero-Impact pickup-system.','Akustisk/elektrisk guitar med dæk af massiv A.R.E behandlet Engelmann gran, sider og bund af rosentræ, mahogni/rosentræhals med gribebræt af Ibenholt og Zero-Impact pickup-system.\nL6-serien er modificeret med nyt bracing design (den indvendige afstivning), og lyden er blevet større og kraftigere. Der er kommet Zero-Impact Pickup system i guitaren så man også er klar til optagelse eller live-optræden med forstærkning. Det massive grandæk er A.R.E behandlet (Acoustic Resonance Enhancement), hvilket resulterer i stor og varm vintage lyd fra dag et. A.R.E Acoustic Resonance Enhancement, er en Yamaha patenteret proces der ved at ændre de fysiske egenskaber i træfibre på dækket, giver guitaren lyd som var det fra gammelt ældet træ. Resultatet er en konstruktion der tillader træet at vibrere mere frit med en lyd der indeholder langt flere klangvariationer - som med et ældre vintage instrument.\n\nSpecifikationer\nKropstype: Original Jumbo dreadnought Type Body\nDæk af massiv Engelmann gran - A.R.E behandlet (Acoustic Resonance Enhancement)\nSider og bund af massiv Rosentræ\nHals af 5-lags mahogni/palisander, slank design\nStol af Ibenholt\nSRT Zero Impact Pickupsystem med individuel piezo elektronik ved hver streng\nInkl. deluxe gigbag','ll16-brown-sunburst.jpeg',7229.00,5,7,'2019-03-04 21:28:06',1,0),
	(18,'452497','B200','5-strenget banjo med poppel block rim, resonator af sapele, bro af purpleheart og ahorn, mahognihals og gribebræt af purpleheart.','5-strenget banjo med poppel block rim, resonator af sapele, bro af purpleheart og ahorn, mahognihals og gribebræt af purpleheart.\nDet er tre årtier siden, Ibaniz sidst var i banjobranchen, men nu er de tilbage. Ibanez var meget etablerede banjobyggere, og havde endda en signaturmodel for den fantastiske Earl Scruggs back in the day. Ting ændrer sig, og hair-metal-bands sker (tænk 80\'erne), og banjo var pludselig ikke det fedeste instrument, man kunne finde på at spille på. Men vindene er vendt, og folk-instrumenter er mere populære end nogensinde. B200 er top of the line i Ibanez\' banjoserie og en skønhed at se på.\n\nSpecifikationer\n5-strenget banjo\nDouble Coodinator rod\nPoplar block rim\nSapele veneer Resonator\nHals: Mahogany\nGribebræt: Purpleheart\nABS-Multi Resonator binding\nSpecial Acrylic gribebrætindlæg\nChrime friction tuners\n22 bånd\nChrome w/etching Armrest\nBro: Purpleheart/ahorn\nChrome clam shell tailpeice\nMensur: 670mm\nRadius: Flat (plan)','b200.jpeg',3676.00,2,8,'2019-03-04 21:31:45',1,0),
	(19,'572402','MB-100 Banjo Natural CF','Banjo med mahognikrop, ahornhals, gribebræt af poppel-komposit og Remo-skind.','Banjo med mahognikrop, ahornhals, gribebræt af poppel-komposit og Remo-skind.\nOpen-back 5-strengs banjo. Et perfekt begynderinstrument.\n\nSpecifikationer\nBanjo med 5 strenge\nMahognikrop\nRemo-skind\nAhornhals\nGribebræt af poppel-komposit\nDot-indlæg\n26,25\" skala\nKrom hardware','mb-100-banjo-natural.jpeg',1399.00,3,3,'2019-03-04 21:35:29',1,0),
	(20,'334911','MM-50E Vintage Natural','Mandolin med dæk af massivt gran, krop i flammet ahorn, ahornhals med Rosewood gribebræt. Legendarisk \"F-Style\" model med indbygget Quad NanoMag pickup system.','Mandolin med dæk af massivt gran, krop i flammet ahorn, ahornhals med Rosewood gribebræt. Legendarisk \"F-Style\" model med indbygget Quad NanoMag pickup system.\nMM-50E er en professionel mandolin der kombinerer innovation og klassisk design, som man også forventer af en Epiphone mandolin. MM-50E er den første mandolin, hvor det er muligt at justere udgangsniveauet for hver enkelt strenge par, hvilket løser mange problemer med ubalance når instrumentet er forstærket op. Funktioner der kombineret med den klassiske Lloyd Loar æra F-Style kropsform og hals, gør MM-50E til et one-of-a kind instrument.\n\nSpecifikationer\nMassivt sitka gran dæk\nKrop i flammet ahorn\nAhorn hals\n14\" Mensur\nRosewood gribebræt\nPickup: Quad NanoMag justerbar\nKontroller: Master Volume, Treble, Bass, 4 individuelle strenge niveau trim potentiometre\nNickel hardware','mm50E-vintage-natural.jpeg',5219.00,1,3,'2019-03-04 21:38:18',1,0),
	(21,'360118','Ukulele Solid Pink','Ukulele i Sopran størrelse.','Ukulele i Sopran størrelse.\nUkulelen er et sjovt og let spilbart strengeinstrument. Ukulelen, trods sin størrelse, er særdeles velegnet for både unge og ældre, og er ideel til skoler og musikalsk gruppeundervisning. Nogle mennesker tror måske, at ukulelen er et stykke legetøj, men det er den absolut ikke, og specielt i de senere år har ukulelen vundet større og større indpas på den professionelle musikalske scene.\n\nSpecifikationer\nTop, bund og sider af lamineret lindetræ\nHals af basswood\nBro og saddel af ABS\nOpen geared stemmemekanikker\n12 bånd\nScale 345mm','ukulele-solid-pink.jpeg',229.00,25,9,'2019-03-05 07:37:57',1,0),
	(22,'567088','UKCB-S','Sopran ukulele med krop af udvalgt Sapele ædeltræ med smukke bindinger.','Sopran ukulele med krop af udvalgt Sapele ædeltræ med smukke bindinger.\nHighlights\nHals af nato\nLimet og skruet stol\nKvalitets strenge\nLidt buet bagside\nFlotte bindinger\nKvalitets indkapslede stemmemekanikker','ukcb-s.jpeg',549.00,13,10,'2019-03-05 07:40:54',1,0),
	(23,'551247','American Original 70s Jazz Bass MN Natural','El-bas med krop af ask, polyuretanlak, ahorn hals med 70s “U”-profil, Rosewood gribebræt og 2 x Pure Vintage ‘75 Jazz Bass pickupper. Inkl. hardcase.','El-bas med krop af ask, polyuretanlak, ahorn hals med 70s “U”-profil, Rosewood gribebræt og 2 x Pure Vintage ‘75 Jazz Bass pickupper. Inkl. hardcase.\nFenders American Original-serie består af ikoniske Fender-modeller som er specifikke for henholdsvis 50\', 60\' og 70\'erne. Modellerne har pickupper som er lavet med samme metoder som originalerne, og som fanger særpræget til hvert af de respektive tiår. Dette gælder også halsprofilerne! Alle American Original-modeller har nitrocelluloselak som lader træet ånde, og som gør at instrumentet bare vil se flottere ud med alderen. Selv om guitarerne er tydeligt vintage-orienterede, er de opdaterede med moderne gribebrætradius, vintage tall-bånd og andre detaljer som får dem til at føles naturlige for moderne guitarister.\n\nAmerican Original 70s Jazz Bass\nInstrumentet som introducerede slapping, funk og disco - Fenders Jazz Bass fra 70\'erne. American Original 70s Jazz Bass er udstyret med periodekorrekte specs som komplementeres af en del moderne tilpasninger. Denne bas har krop af ask, polyuretan-lak som på originalen fra 70\'erne, fyldig ahornhals med 70\'er “U”-profil, gribebræt af ahorn med moderne 9.5” radius. Fender Pure Vintage ‘75 Jazz Bass pickupper og periodekorrekt hardware. Leveres i hardcase.\n\nSpecifikationer\nKropsform: Jazz Bass\nKrop: Ask\nFinish: Gloss Urethane\nOversadel: Ben\nOversadelbredde: 37.46 mm\nTruss Rod: Vintage-Stylet, Vintage-style slotted\nSkalalængde: 34\" / 864 mm\nGribebræt: Ahorn\nGribebræt radius: 9.5” / 241 mm\nIndlæg i gribebræt: Pearloid Blocks\nAntal bånd: 20 Vintage Tall\nHals: Ahorn\nHalsprofil: 1975 \"U\"\nStemmeskruer: Pure Vintage \'70s with Fender® Logo\nBro: 4-Saddle Pure Vintage \'70s with Single Groove Saddles\nPickupper: 2 x Pure Vintage \'75 Single-Coil Jazz Bass\nKontroller: Vol 1, Vol 2, Master Tone\nHardware finish: Nikkel/krom\nStrenge: Fender USA Bass 7250M, NPS (.045-.105 Gauges)\nInkl. Vintage-Style Hardshell Case','american-original-70s-jazz-bass-natural.jpeg',17099.00,4,2,'2019-03-05 07:44:57',1,0),
	(24,'526011','Jazz Bass PF Black','El-bas med krop af elletræ, ahornhals med gribebræt af Pau Ferro med 7.5\" radius, og Vintage-Style Jazz Bass single-coil pickupper. Inkl. Deluxe gigbag.','El-bas med krop af elletræ, ahornhals med gribebræt af Pau Ferro med 7.5\" radius, og Vintage-Style Jazz Bass single-coil pickupper. Inkl. Deluxe gigbag.\nFender Jazz Bass-modellen blev introduceret i 1960, og har siden den gang vokset sig ind i rollen som et af verdens mest brugte instrumenter. Fender 60s Jazz Bass i Classic-serien har en tynd, komfortabel hals og autentiske Jazz Bass single-coil pickupper.\n\nMexico Classic-serien blev lanceret i slutningen af 90\'erne med tanke på dem som ønskede sig en bas med udseende og følelsen af en vintage Fender uden at bruge vanvittige summer. Serien genskaber Fender-klassikere fra 50, 60 og 70\'erne med de egenskaber som var unike for hvert tiår.\n\nSpecifikationer \nKonstruktion: Bolt-on\nMensur/skala: 34 \"\nKrop: Elletræ\nHals: Ahorn\nHalsprofil: “C”\nGribebræt: Pau ferro\nRadius: 7.25”\nBånd: 20 Vintage-style\nOveradel: Syntetisk ben, 1.5”\nBro: Vintage-Style 4-Saddle\nPickupper: 2 x Standard Vintage Alnico Magnet Single-Coil Jazz Bass\nHardware: Krom\nProduktionsland: Mexico\nInkl. Deluxe gigbag\n\nFender nu med gribebræt af Pau Ferro.\nPau Ferro, også kendt som “jerntræ” eller “Bolivian Rosewood”, er en sydamerikansk træsort med egenskaber som ligner palisander (Rosewood), men som er noget lysere i farven. Pau Ferro er blandt andet brugt i Fenders Custom-basser og Stevie Ray Vaughans signaturmodel.\n\nFenders Mexico-modeller har fra 2017 Pau Ferro i gribebrættet i stedet for Rosewood, en ændring som skyldes de nye internationale CITES-regler som trådte i kraft den 2. januar 2017. Disse regler værner om truede træsorter som Rosewood og forhindrer illegal handel, men en konsekvens er at det nu kan tage længere tid at importere guitarer lavet med lovlig Rosewood. Guitarer lavet med Pau Ferro vil ikke påvirkes af CITES-kontroller, og har derfor kortere leveringstid.\n','jazz-bass-pf-black.png',9049.00,8,2,'2019-03-05 23:06:34',1,0),
	(25,'526955','American Elite Jazz Bass V EB Ocean Turquoise','El-bas 5-strenget med krop af elletræ, ahornhals med Modern \"C\" - \"D\" Compound-profil, ibenholt gribebræt og 2 stk. 4th Generation Noiseless-pickupper. Inkl. Fender Elite Molded TSA-kasse.','El-bas 5-strenget med krop af elletræ, ahornhals med Modern \"C\" - \"D\" Compound-profil, ibenholt gribebræt og 2 stk. 4th Generation Noiseless-pickupper. Inkl. Fender Elite Molded TSA-kasse.\nAmerican Elite Jazz Bass er en aktiv 5-strenget bas, designet for professionelle moderne bassister med høje krav til alsidighed, teknologiske nyheder, tidløst Fender-design og top spillekomfort.\n\nAmerican Elite-serien blev født af lidenskab som findes i bassister på ethvert niveau, altid søgende efter nye kreative udtryksformer. American Elite er ikke bare et nyt navn på allerede kendte egenskaber. Det markerer introduktionen af instrumenter i klassisk Fender-tradition, opgraderet med de forbedringer, teknologiske nyskabelser og muligheder, som kan forventes af en professionel guitar i det 21. århundrede. \n\nHele serien er opgraderet med 4. generation af Fenders Noiseless pickups som er den heftigste pickup-teknologi Fender kan tilbyde. En ny 18V preamp bidrager til endnu mere power, forbedret signalkvalitet, større headroom og reduceret støj. \n\nBassen har en hals med compound radius (9.5”-14”). Profilen starter som Modern \"C\" ved sadlen, og formes gradvist til en \"D\"-profil nede ved halsmonteringen, et design udviklet for maksimal spillekomfort over hele registeret. En HiMass Vintage-bro giver øget attack, resonans, punch og sustain, og tillader både string-thru og top load-strengemontering. Leveres i en Elite Molded Case med TSA-låse.\n\nSpecifikationer\nType: Jazz Bas\nKrop: Elletræ\nHals: Ahorn\nHalsprofil: Compound Modern ”C” til ”D”\nMensur: 34”\nGribebræt Ibenholt\nRadius: 9.5”-14” Compound\nBånd: 21 Medium Jumbo\nSadel: Ben\nPickups: 2 stk. New 4th Generation Noiseless\nKontroller: Master Volume, Pan Pot, Treble Boost/Cut, Midrange Boost/Cut, Bass Boost/Cut, Active/Passive Mini Toggle\nØvrigt elektronik: 18v preamp med aktiv 3-bånds EQ\nBro: 5-Saddle HiMass Vintage\nStemmemekanik: Fender \"F\" Light-Weight Vintage-Paddle\nStrenge: Fender USA NPS .45 - .125\nMade in the USA','elite-jazz-bass-ocean.jpeg',18649.00,2,2,'2019-03-05 23:11:53',1,0),
	(26,'581972','Thunderbird Bass 2019 Vintage Sunburst','El-bas med mahognikrop, gennemgående hals af mahogni/valnød, Rosewood gribebræt, og T-Bird pickupper. Inkl. Hard Shell Case.','El-bas med mahognikrop, gennemgående hals af mahogni/valnød, Rosewood gribebræt, og T-Bird pickupper. Inkl. Hard Shell Case.\nThunderbird er i lighed med Gibson Firebird designet af den amerikanske bildesigner Ray Dietrich, og blev introduceret for første gang i 1963. Thunderbird har i 2019 gennemgående neck-thru halskonstruktion af mahogni og valnød, reversed headstock, Rounded-profil og gribebræt af Rosewood, i tillæg til Gibson T-Bird pickupper.\n\nSpecifikationer\nKropsform: Thunderbird Bass\nKrop: Mahogni\nBindinger: Ingen\nHals: 9-lag mahogni/valnød\nHalsprofil: Rounded\nOversadel: Tektoid\nOversadelbredde: 1.50”\nGribebræt: Rosewood\nIndlæg: Acrylic Dots\nSkalalængde: 34”\nAntal bånd: 20\nBro: 3-Point Adjustable\nKnapper: Black Top Hats with Silver Inserts\nStemmeskruer: Grover Bass Keys\nHardware plating: Svart krom\nHalspickup: Rhythm T-Bird\nBridge pickup: Lead T-Bird\nKontroller: 2 x volume, Master Tone\nKasse/bag: Hard Shell Case (inkluderet)\n\nGibson USA\nDet er Gibson USA-fabrikken i Nashville, Tennessee, som producerer Gibsons elektriske solid body-guitarer. Fabrikken startede op i 1974 med produktion af alle Les Paul-modeller, og senere blev al solid-body produktion og selve Gibson hovedkontoret flyttet samme sted hen da den gamle fabrik i Kalamazoo lukkede.\n','thunderbird-bass-2019.jpeg',17629.00,7,1,'2019-03-05 23:28:34',1,0),
	(27,'582758','Stingray Special 4 H Jet Black','El-bas med krop i ask, Roasted ahorn hals med ibenholt gribebræt, Humbucker pickup med Neodymium magneter, aktiv elektronik med 3-bånds EQ.','El-bas med krop i ask, Roasted ahorn hals med ibenholt gribebræt, Humbucker pickup med Neodymium magneter, aktiv elektronik med 3-bånds EQ.\nMusic Man Stingray 4 H er optimeret og moderniseret med en Select Roasted Maple hals og ny forbedret elektronik med mere output og headroom. Stingray Special 4 H leverer nu alt fra moderne punch til klassisk vintage lyd bedre end nogensinde før. Nydesignede letvægt stemmeskruer har skabt en mere afbalanceret hals, samtidig med at de giver ultra pålidelig stemmestabilitet. Da Music Man med Leo Fender i spidsen i midten af 70\'erne først introducerede StingRay modellen, blev den øjeblikkeligt en favorit blandt bassister verden over. Det var den første bas i produktionen, der havde aktiv elektronik og den karakteristiske 3+1 stemmemekanik konfiguration. Siden er StingRay konstant blevet forbedret og perfektioneret.','stingray-special-black.jpeg',19295.00,3,11,'2019-03-05 23:34:18',1,0),
	(28,'542193','GS MINI-e BASS','Akustisk/elektrisk bas med massivt dæk af sitkagran, lamineret sider og bund af sapele, sapelehals med gribebræt af ibenholt og ES-B pickupsystem. Inkl. Hard Bag.','Akustisk/elektrisk bas med massivt dæk af sitkagran, lamineret sider og bund af sapele, sapelehals med gribebræt af ibenholt og ES-B pickupsystem. Inkl. Hard Bag.\nLille 4-strenget basguitar i det populære og rejsevenlige GS Mini-format. GS Mini er inspireret af den større GS-model, men i nedskaleret version som ikke er gået ud over lyden. Du får masser af klang i et instrument som er let at håndtere og sjovt at spille på.\n\nTaylor er i dag et ligeså populært og velrenommeret firma som Martin og Gibson, når det kommer til akustiske guitarer. Men i modsætning til disse gamle giganter er Taylor Guitars et nyt foretagende, der blev stiftet i 1974. Når man tænker på musikeres nærmest religiøse forhold til deres instrumenter (i særdeleshed til akustiske guitarer), så har det været et ekstremt svært marked at kæmpe sig ind på, og det er kun lykkedes på grund af én ting: Taylor laver suveræne guitarer. \n\nDe har gjort op med den gammeldags filosofi om, at \"håndlavet altid er bedst\" og benytter udelukkende manuel arbejdskraft dér, hvor de mener, det er den bedste løsning. Til andre dele af produktionen bruger de ultra-præcise, laser-styrede maskiner der bl.a. er ansvarlige for de meget smukke perlemorsindlæg. Taylor-lyden er sprød og nærværende, håndværket er fejlfrit, og halsene er smalle og moderne, hvilket gør Taylor-guitarer til nogle af de mest spillevenlige akustiske guitarer på markedet. Gør som de kendte - spil Taylor! \n\nSpecifikationer\nKropsform: GS Mini\nDæk: Heltre sitkagran\nSider: Lamineret sapele\nBund: Lamineret sapele\nBracing: GS Mini w/ Relief Route\nSkalalængde: 23-1/2\"\nHals: Sapele\nHalsbredde: 1-11/16\"\nGribebræt: Ibenholt\nBånd: 20\nIndlæg i gribebræt: 4mm Dot Italian Acrylic\nStemmeskruer: Die-Cast Chrome\nStrenge: D’Addario EXP PBB190GS\nOversadel: NuBone\nSadel: Micarta\nElektronik: ES-B preamp/pickup\nInkl. GS Mini Hard Bag','gs-mini-e-bass.png',5999.00,0,6,'2019-03-06 00:15:31',1,0),
	(29,'556655','Bc 62-SW 5 med LR Baggs Anthem SL','Femstrenget akustisk/elektrisk jumbobas med cutaway, dæk af sitkagran, krop af valnød, gribebræt af ibenholt og L.R. Baggs-system.','Femstrenget akustisk/elektrisk jumbobas med cutaway, dæk af sitkagran, krop af valnød, gribebræt af ibenholt og L.R. Baggs-system.\nFurch Bc 62-SW 5 er en femstrenget akustisk/elektrisk bas, designet til at levere en helt superb sound. Dækket har et specielt designet lydhul, der forstærker responsen i de dybe frekvenser. Kombinationen af et dæk i sitkagran og sider og bund i sort valnød, giver en perfekt tonal balance. \n\nBassen leveres med et L.R. Baggs Anthem SL-system med både piezo- og kondensatormikrofon for en meget dynamisk og naturtro sound.\n\nSpecifikationer\nDæk: Solid sitkagran\nSider og bund: Solid sort valnød\nHals: Mahogni\nBredde ved saddel: 45 mm\nMensur/skala: 860 mm\nGribebræt: Ibelholt\nMekanik: Black Chrome\nPickup: L.R. Baggs Anthem SL med piezo- og kondensatormikrofon','bc-62-sw.jpeg',14965.00,4,12,'2019-03-06 07:01:54',1,0),
	(30,'579594','CB-60SCE LR Natural','Akustisk/elektrisk bas med massivt grandæk, lamineret sider og bund af mahogni, cutaway concert-form og Fishman Classic Design pickupsystem.','Akustisk/elektrisk bas med massivt grandæk, lamineret sider og bund af mahogni, cutaway concert-form og Fishman Classic Design pickupsystem.\nCB-60SCE er en akustisk basguitar med cutaway og krop i Concert-størrelse, massivt grandæk, sider og bund af mahogni og Fenders Easy-To-Play halsprofil. Dette er en super ‘go-to’ bas i akustiske jam-sammenhænge, men har også et fleksibelt integreret pickupsystem fra Fishman som lader dig tilslutte forstærker/PA-system!\n\nSpecifikationer\nKropsform: Concert Cutaway\nDæk: Massivt gran\nSider og bund: Lamineret mahogni\nBracings: Skalloperet “X”\nHals: Mahogni\nHalsprofil: Fender Easy-To-Play\nMensur/skala: 32” (813 mm)\nGribebræt: Laurel\nRadius: 12” (305 mm)\nBånd: 22 Vintage Style\nOversadel: 43 mm, plast\nTruss Rod: 2-vejs\nBro: Rosewood\nStemmeskruer: Støbt, krom\nElektronik: Fishman Classic Design pickup/preamp med volumekontrol','cb-60SCE-natural.jpeg',2449.00,5,2,'2019-03-06 07:05:05',1,0),
	(31,'565450','SJB5F CF Natural Satin','Akustisk/elektrisk jumbo bas med dæk af massiv gran, sider og bund af mahogni, mahognihals med gribebræt af Ovangkol og Fishman Isys+ pickup system.','Akustisk/elektrisk jumbo bas med dæk af massiv gran, sider og bund af mahogni, mahognihals med gribebræt af Ovangkol og Fishman Isys+ pickup system.\nDer er ikke mange, der ved det, men Cort er verdens største producent af guitarer og basser. Firmaet, der har fabrikker i Korea, Indonesien og Kina, laver ikke bare instrumenterne, der sælges under eget navn, men det er også dem, der producerer de billigere guitarer, basser, ja, sågar forstærkere for firmaer, som Fender, Ibanez, Lakland, G&L, Washburn og mange flere. Sådan en position får man ikke, hvis man ikke leverer varen, og Cort har da også altid leveret ren kvalitet til meget små priser. Ser man på deres dyrere modeller, forbavses man over det høje niveau af håndværk, og celebre musikere, som Larry Coryell, Hiram Bullock og T.M. Stevens har kastet deres kærlighed på Cort. Synes du, det lyder fristende? Det kan være, du spiller på en Cort uden at vide det… \n\nCort akustiske basser er fremstillet af nøje udvalgte træsorter og udstyret med aktivt pickupsystem. Basserne leverer en stor tone ved akustisk brug og fungerer optimalt elektrisk med det indbyggede pickupsystem.\n\nSpecifikationer\nKonstruktion: Dovetail\nCutaway: Venetian Cutaway\nKrop: Acoustic Bass Deep Body Depth (110x135mm)\nDæk: Massiv gran\nSider: Lamineret mahogni\nBund: Lamineret mahogni\nBindinger: Multi\nHals: Mahogni\nGribebræt: Ovangkol\nIndlæg i gribebræt: Dots\nSkalalængde: 34\"\nStol: Ovangkol\nElektronik: Fishman Isys Plus Preamp med Sonicore pickup\nStrenge: D\'Addario YB-PBB 170 Strings\nBracing: Advanced Scalloped X-Bracing\nInkl. gigbag\n','SJB5F-CF-natural-satin.jpeg',3532.00,7,13,'2019-03-06 07:09:43',1,0),
	(32,'482055','NP-12 Piaggero Black','Begynderklaver i slankt design med 61 anslagsdynamiske tangenter. 64 toners polyfoni, 10 forskellige lyde og indbyggede højttalere.','Begynderklaver i slankt design med 61 anslagsdynamiske tangenter. 64 toners polyfoni, 10 forskellige lyde og indbyggede højttalere.\nMed det slanke design og 61 anslagsfølsomme tangenter laver Yamaha et begynderklaver, der er både stilfuldt og funktionelt på samme tid. Der er lagt vægt på en simpel brugerflade, der kun rummer det mest nødvendige. Det udelukker dog ikke, at du finder 10 forskellige lyde og en række indstillingsmuligheder, der gør instrumentet meget alsidigt. Tangentanslaget er gradvis vægtet, hvilket dækker over forskellen i tangentmodstanden ved anslag af høje og lave toner.  \n\nHighlights\n61 anslagsfølsomme tangenter\n64 toners polyfoni\n10 valgbare lyde og rumklangseffekt\nMetronom og tune/transpose funktion\nIndbygget 2 x 6W højttalersystem (12cm x 6cm) x 2\nMulighed for batteridrift\nMIDI ind- og udgang\nUSB TO HOST terminal\nHovedtelefonudgang\nAuto-sluk funktion\nLeveres inklusive strømforsyning\nDimensioner 1036 x 105 x 259 mm\nVægt 4.5 kg','np-12-piaggero-black.jpeg',1399.00,25,7,'2019-03-10 07:05:19',1,0),
	(33,'148995','SV1 73 Black','Stage Vintage Piano med 73 tangenters RH3 vægtede hammermekaniker.','Korg Stagepiano\nStage Vintage Piano med 73 tangenters RH3 vægtede hammermekaniker.\nStage Vintage Piano SV-1, tilbyder en fantastisk opsætning af de mest anerkendte og anvendte elektriske og akustiske pianoer, clavinetter, orgler samt  strygerlyde og synths. Hver lyd er en detaljeret og autentisk genskabning med hele det dynamiske omfang og udtryk, som er synonymt med originalinstrumentet. SV-1 indeholder desuden præcis de effekter, forstærkere og højtalerkabinetter, som gav disse lyde deres unikke karakter - alt indpakket i et skønt vintage-design med et overskueligt og brugervenligt interface. Her findes alle de elpianoer, du behøver. Den akustiske pianodel indeholder bl.a. både tyske og japanske flygelgiganter, et opretstående piano samt et japansk elektro-akustiskt piano, populært i slutningen af 70’erne indtil midten af 80’erne. Alle disse lyde er selvfølgelig samplet i flere dynamiske trin. Orgeldelen inkluderer flere varianter af et klassisk tonehjulsorgel, de mest kendte engelske og italienske combo-orgler og et unikt rørdrevet orgel. \n\nClavinet-delen indeholder flere forskellige toneopsætninger plus et andet instrument fra samme producent. Du finder endda båndbaserede og analoge strygere, kor og et antal fede analoge syntlyde. Dette er bare en smule af, hvad SV-1 har at tilbyde. Korg har ikke sparet på noget for at tilbyde de bedste og mest autentiske lyde sammen med den bedste spilbarhed, som kan opdrives i dag. SV-1 Stage Vintage er udstyret med Korgs bedste vægtede hammermekanik (RH3) og findes med 73 eller 88 tangenter. Stativ og gigbag findes som tilvalg.\n\nHighlights Korg SV1 73\n36 sounds, 6 banks × 6 variationer, samt 8 favoritpladser\nLydudgange: L, R, 2 × XLR, og L/Mono, R, 2 × 1/4\" jack samt hovedtelefonsudgang\nIndgange: L/Mono, R, USB Type B MIDI in / out, Damper-pedal: Korg DS-2H sustain-pedal (medfølger) og Pedal 1: Footswitch, pedal 2: Volume/expression \nInkluderet tilbehør: netkabel, brugsanvisning, nodestativl samt Korg DS-2H sustain-pedal\nBonus software: SV-1 Editor (Windows / Mac)\nEkstra tilbehør (ikke inkl.) : Taske og stativ, XVP-10 volume-/expression-pedal, EXP-2 volume-/expression-pedal samt PS-100 footswitch-pedal.\n\n\n\n','SV1-73-black.jpeg',10099.00,17,14,'2019-03-10 07:10:04',1,0),
	(34,'565728','Piano 4','Stage Piano med 88 Triple Sensor Virtual Hammer Action tangenter med vægtet dynamisk kontrol og adgang til over 1000 kvalitets samplede instrumenter. Kompatibelt med Nord Piano Library og Nord Sample Library.','Stage Piano med 88 Triple Sensor Virtual Hammer Action tangenter med vægtet dynamisk kontrol og adgang til over 1000 kvalitets samplede instrumenter. Kompatibelt med Nord Piano Library og Nord Sample Library.\nNord Piano 4 indeholder fantastiske performance funktioner som Seamless Transitions, dedikerede klaverfiltre og Split Point Crossfades som giver et live-fokuseret instrument med enestående klaver følelse. Når man skifter lyd på Nord Piano 4 har den glidende overgange som gør at lydene skifter gradvist uden ophold. Man kan kombinere 2 lyd-afsnit i lag eller med split. Der findes 7 split-punkter med Crossfade-funktionalitet, der udglatter overgangene mellem de to splitpunkter.  \n\nNord Piano er et dedikeret Stage Piano med 88 vægtede tangenter med Triple Sensor Virtual Hammer Action Technology. Disse eksklusive Nord tangenter simulerer hammer bevægelser i et Grand Piano med enestående autenticitet og dynamisk respons. Keyboardets Triple Sensor teknik gør det muligt at analysere tangenternes bevægelser med utrolig høj præcision, hvilket gør det muligt at spille mere dynamisk med en forbløffende kontrol, uanset anslagsstyrke. ','piano4.jpeg',18250.00,6,15,'2019-03-10 07:13:53',1,0),
	(35,'595579','FP-10 Black','Kompakt og letvægts stagepiano med 88 PHA-4 vægtede tangenter med Escapement og Ivory Feel, Bluetooth, SuperNATURAL piano lydprocessor, indbygget højttalersystem.','Kompakt og letvægts stagepiano med 88 PHA-4 vægtede tangenter med Escapement og Ivory Feel, Bluetooth, SuperNATURAL piano lydprocessor, indbygget højttalersystem.\nNår inspirationen er over dig, så tag plads ved et af Rolands berømte FP-serie pianoer; her basismodellen FP-10. Dette prisbillige digitalpiano er altid ”kampklar”, med en autentisk spillefornemmelse på det 88-tangenters PHA-4 Standard klaviatur med Escapement og Ivory Feel. Spil med de udtryksfulde SuperNATURAL klaverlyde via de indbyggede højttalere eller hovedtelefoner. Med sit transportable, pladsbesparende design, er FP-10 det ideelle instrument til brug i hjemmet, uanset om du øver teknikker i dit soveværelse eller giver koncerter i stuen. Bluetooth-forbindelse og smarte integrerede funktioner gør, at instrumentet tilbyder en anden funktionalitet end andre digitale modeller til denne pris.\n\nHighlights\nOvertonerig og responsiv lyd fra Rolands berømte SuperNATURAL Piano lyde\n88-key hammer-action tangenter i et kompakt kabinet\nPHA-4 Standard klaviatur der giver en autentisk klaverfornemmelse med maksimale udtryksmuligheder\n15 lyde, 96 toners polyfoni\nHovedtelefonudgang og ”stille” klaviatur, der gør at du kan spille når som helst uden at forstyrre andre\nIndbyggede højttalere der gengiver dit spil med en udtryksfuld lyd\nIndbygget Bluetooth MIDI/USB MIDI interface så du kan tilslutte til Garageband, computere, DAW software\nRolands Piano Partner 2 app gør, at du nemt vælger lyd, starter metronomen m.m. fra din smartphone\nTwin Piano Mode er den ideelle løsning til klaverundervisning, så elev og lærer kan spille side om side i de samme oktaver\nDimensioner 1,284 x 258 x 149 mm\nVægt 12,3 kg\n','FP-10-black.jpeg',3990.00,4,16,'2019-03-10 07:18:55',1,0),
	(36,'322018','MPK249','MIDI-controller og keyboard med 49 semi-vægtede anslagsfølsomme tangenter, aftertouch, 16 drumpads, 8 dreje- og 8 skyde-controllers.','MIDI-controller og keyboard med 49 semi-vægtede anslagsfølsomme tangenter, aftertouch, 16 drumpads, 8 dreje- og 8 skyde-controllers.\nMPK-serien byder på et slankt design, RGB baggrundsbelyste trigger pads, og 20-tegns LCD-skærm med overskuelig og stor parameter oversigt. MPK249 kan sende Qwerty-style kommandoer og man får en imponerende række af knapper, drejeknapper og tromme pads som gør det til en leg at arbejde med musik på computer. MPK leveres med en softwarepakke indeholdende bl.a. Ableton Live Lite og MPC Essentials - et samplebaseret groove produktion program, samt spectral morphing synth Twist fra SONiVOX. ','MPK249.jpeg',2799.00,8,17,'2019-03-10 07:29:29',1,0),
	(37,'512892','LPK 25 Wireless','USB MIDI-minikeyboard med 25 anslagsdynamiske tangenter, trådløs Bluetooth MIDI for iOS og Mac OS X, arpeggiator og 4 hukommelsespladser.','USB MIDI-minikeyboard med 25 anslagsdynamiske tangenter, trådløs Bluetooth MIDI for iOS og Mac OS X, arpeggiator og 4 hukommelsespladser.\nLPK25 Wireless er et ultra kompakt trådløst (for iOS og Mac OS X) USB MIDI-keyboard designet for musikere, producenter og DJs som vil have sit musikværktøj med over alt. Med trådløs MIDI over Blueotooth og batteridrift kan du fortsætte arbejdet i bussen eller på stranden, noget som gør LPK-designet endnu mere flexibelt end tidligere. Keyboardspillere som ønsker at arbejde med software på bærbare computere får her et klaviatur som ikke er større end at det kan transporteres i tasken til den bærbare. Det lille keyboard har 25 anslagsfølsomme mini-tangenter, oktav op/ned, sustain og tap-tempo. En indbygget arpeggiator gør det enkelt at skabe nye melodiske ideer, og fire hukommelsesbanker sikrer enkel adgang til gemte indstillinger for de enkelte funktioner. Kan køre trådløst af AA-batterier i op til 12 timer.','LPK25-wireless.png',569.00,11,17,'2019-03-10 07:34:06',1,0),
	(38,'585694','Fire','Dedikeret hardware-controller til FL Studio med 4 x 16 anslagsdynamiske RGB pads, 4 berøringsfølsomme knapper, transportkontroller. Inklusive FL Studio Fruity Fire Edition.','Dedikeret hardware-controller til FL Studio med 4 x 16 anslagsdynamiske RGB pads, 4 berøringsfølsomme knapper, transportkontroller. Inklusive FL Studio Fruity Fire Edition.\nFIRE er verdens første dedikerede controller til FL Studio. FIRE, som er produceret i tæt samarbejde med softwareproducenten Image-Line, er smart, ultra-bærbar og konstrueret med fokus på workflow og minutiøst kontrol over FL Studio\'s kernefunktioner. Controlleren gør det muligt at få mest muligt ud af FL Studios kritikerroste produktions egenskaber. ','akai-fire.jpeg',1499.00,2,17,'2019-03-10 07:36:51',1,0),
	(39,'525763','Seaboard BLOCK','MIDI-controller og keyboard med 5-dimensionel berøringsoverflade. 24 tangenter, trådløs over Bluetooth. Inkl. software NOISE, Ækvator Player, BLOCKS Dashboard og MaxMSP.','MIDI-controller og keyboard med 5-dimensionel berøringsoverflade. 24 tangenter, trådløs over Bluetooth. Inkl. software NOISE, Ækvator Player, BLOCKS Dashboard og MaxMSP.\nSeaboard BLOCK er et revolutionerende MIDI-keyboard, hvor tangentspillere kan få et helt nyt niveau af udtryksmuligheder, takket være keyboardets fem-dimensionale berøringsflade. Ved at spille på disse unikke \"tangentbølger\" former man lyden gennem intuitive berøringer, som ved at slå til tangenten, trykke den ned, lave vibrato med fingeren på samme måde som på en streng, løfte fingeren, glide fra venstre til højre eller op og ned. Roli Seaboard BLOCK kan nemt parres med andre Block produkter eller flere Seaboard Block takket være sine magnetiske DNA kontakter.','seaboard-block.jpeg',2090.00,13,18,'2019-03-10 07:44:50',1,0),
	(40,'479621','microKEY2-49','MIDI-keyboard med 49 Natural Touch mini tangenter og USB bus-powered tilslutning. Inkl. software og rabatkoder fra Korg.','MIDI-keyboard med 49 Natural Touch mini tangenter og USB bus-powered tilslutning. Inkl. software og rabatkoder fra Korg.\nDu behøver bare et enkelt USB-kabel mellem keyboard og Mac/Win, iPad og iPhone, og du er klar til at spille på softwareinstrumenter som KORG Gadget, KORG Module, GarageBand, eller ethvert andet MIDI-kompatibelt musikprogram. microKEY2 er et perfekt valg til den bærbare til indspilning og kontrol af dit musik software.\n\nMed keyboardet medfølger en softwarepakke i form af en software licens kupon og instruktion om download. Apps for iPad/iPhone: Korg Gadget Le, Korg Module Le for iPad og Korg Module Le for iPhone. Software for Mac/Windows: Korg M1 Le, Lounge Lizard Session, Ultra Analog Session, Applied Acoustics Systems Strum Session, Reason Limited og UVI Digital Synsations. \n\nDer medfølger også en Korg Kontrol Editor, som er en dedikeret software editor for Mac og Windows hvormed man kan specialopsætte sit keyboard til egne præferencer inklusive finjustering af velocity kurver.\n','microKEY49.jpeg',795.00,32,14,'2019-03-10 07:50:10',1,0),
	(41,'457790','Mother-32','Semi-modulær synth i desktop udførsel med 32-punkts patchbay, voltage-controlled 32-step sequencer, sort aluminiums kabinet med traditionelle træ-sidestykker.','Semi-modulær synth i desktop udførsel med 32-punkts patchbay, voltage-controlled 32-step sequencer, sort aluminiums kabinet med traditionelle træ-sidestykker.\nMother-32 er en 100 % analog semi-modulær synth i desktop udførsel. Et semi-modulært design betyder at man ikke behøver at starte med at patche kabler op for at få lyd, men kan starte med at nyde stor fed analog lyd med det samme. Når behovet opstår, kan man begynde at benytte det omfattende 32-punkts patchbay med de 5 medfølgende patchkabler, hvilket låser op for virkelig udtryksfulde, unikke og komplekse syntese kapaciteter. Patchbay giver også adgang til et væld af funktioner, herunder CV udgangsstik, MIDI til CV konvertering, ekstern lydindgang, en anden voltage-controlled mixer, sync, og sammenkobling af flere enheder. Mother-32 er håndlavet på Moogs fabrik i Asheville, USA og er omhyggeligt udformet i sort laserætset aluminiums kabinet med traditionelle træ-sidestykker.','moog-mother.jpeg',4499.00,3,19,'2019-03-10 07:53:38',1,0);

/*!40000 ALTER TABLE `product` ENABLE KEYS */;
UNLOCK TABLES;


# Dump of table productgroup
# ------------------------------------------------------------

DROP TABLE IF EXISTS `productgroup`;

CREATE TABLE `productgroup` (
  `id` int(11) unsigned NOT NULL AUTO_INCREMENT,
  `parent_id` int(11) NOT NULL DEFAULT '0',
  `title` varchar(255) NOT NULL DEFAULT '',
  `description` text NOT NULL,
  `sortnumber` int(11) NOT NULL DEFAULT '0',
  `created` datetime NOT NULL DEFAULT CURRENT_TIMESTAMP,
  `active` tinyint(1) NOT NULL DEFAULT '0',
  `deleted` tinyint(1) NOT NULL,
  PRIMARY KEY (`id`)
) ENGINE=InnoDB DEFAULT CHARSET=utf8;

LOCK TABLES `productgroup` WRITE;
/*!40000 ALTER TABLE `productgroup` DISABLE KEYS */;

INSERT INTO `productgroup` (`id`, `parent_id`, `title`, `description`, `sortnumber`, `created`, `active`, `deleted`)
VALUES
	(1,0,'Guitarer','Vi har et bredt udvalg af guitarer.',1,'2019-03-04 05:08:20',1,0),
	(2,1,'Elguitarer','',1,'2019-03-04 05:09:06',1,0),
	(3,1,'Westernguitarer','En westernguitar er en akustisk guitar med stålstrenge og en lidt større krop end en klassisk guitar. Westernguitarer fås i mange forskellige versioner, men uanset om du er begynder eller øvet, så har vi en westernguitar til dig. Der findes mange forskellige typer af westernguitarer men primært så adskiller de sig ved om de har indbygget mikrofon, kvaliteten og lyden af det træ de er lavet af og kropstypen. Søger man en god western-guitar skal man først og fremmest tage stilling til om den skal have mikrofon indbygget derudover er det også vigtigt at vurdere klangen af western-guitaren, de bedste western-guitarer har altid et dæk af massivt træ men der findes også gode western-guitarer med finer dæk til fornuftige priser. Langt den mest mest udbredte western-guitar type er Dreadnought som egner sig til stort set alle typer af musik og derfor også er den de fleste starter med.',2,'2019-03-04 05:09:30',1,0),
	(4,1,'Klassisk og spansk','',3,'2019-03-04 05:10:41',1,0),
	(5,0,'Basser','Vi har et bredt udvalg af basser.',2,'2019-03-04 05:11:14',1,0),
	(6,5,'Elbasser','',1,'2019-03-04 05:12:04',1,0),
	(7,5,'Akustiske basser','',2,'2019-03-04 05:12:28',1,0),
	(8,0,'Andre strengeinstrumenter','Vi har et bredt udvalg af andre strengeinstrumenter.',3,'2019-03-04 05:12:59',1,0),
	(9,0,'Keyboards','Vi har et bredt udvalg af keyboards.',4,'2019-03-04 05:15:05',1,0),
	(10,9,'Digitalklaverer','',1,'2019-03-04 05:16:04',1,0),
	(11,9,'USB & MIDI-keyboards','',2,'2019-03-04 05:16:24',1,0),
	(12,9,'Synthesizere','',3,'2019-03-04 05:17:09',1,0),
	(13,9,'Groovebokse og samplere','',4,'2019-03-04 05:17:42',1,0),
	(14,0,'Trommer','Vi har et bredt udvalg af trommer.',5,'2019-03-04 05:19:04',1,0),
	(15,14,'Trommesæt','',1,'2019-03-04 05:19:39',1,0),
	(16,14,'Digitale trommesæt','',2,'2019-03-04 05:19:55',1,0),
	(17,14,'Trommestikker','',3,'2019-03-04 05:20:22',1,0),
	(18,0,'Percussion','Vi har et bredt udvalg af percussion instrumenter.\n',6,'2019-03-04 05:20:53',1,0),
	(19,18,'Cajon','',1,'2019-03-04 05:21:14',1,0),
	(20,18,'Bongo','',2,'2019-03-04 05:21:29',1,0),
	(21,18,'Conga','',3,'2019-03-04 05:21:44',1,0),
	(22,18,'Djembe','',4,'2019-03-04 05:22:22',1,0),
	(23,0,'Stryg & Blæs','Vi har et bredt udvalg af stryge og blæseinstrumenter.\n',0,'2019-03-04 05:23:01',1,0),
	(24,8,'Banjo','',1,'2019-03-04 05:25:11',1,0),
	(25,8,'Mandolin','',2,'2019-03-04 05:25:22',1,0),
	(26,8,'Ukulele','',3,'2019-03-04 05:25:38',1,0);

/*!40000 ALTER TABLE `productgroup` ENABLE KEYS */;
UNLOCK TABLES;


# Dump of table productgrouprel
# ------------------------------------------------------------

DROP TABLE IF EXISTS `productgrouprel`;

CREATE TABLE `productgrouprel` (
  `product_id` int(11) unsigned NOT NULL,
  `productgroup_id` int(11) unsigned NOT NULL,
  UNIQUE KEY `product_id` (`product_id`,`productgroup_id`),
  KEY `productgroup_id` (`productgroup_id`),
  CONSTRAINT `productgrouprel_ibfk_1` FOREIGN KEY (`product_id`) REFERENCES `product` (`id`),
  CONSTRAINT `productgrouprel_ibfk_2` FOREIGN KEY (`productgroup_id`) REFERENCES `productgroup` (`id`)
) ENGINE=InnoDB DEFAULT CHARSET=utf8;

LOCK TABLES `productgrouprel` WRITE;
/*!40000 ALTER TABLE `productgrouprel` DISABLE KEYS */;

INSERT INTO `productgrouprel` (`product_id`, `productgroup_id`)
VALUES
	(1,2),
	(2,2),
	(3,2),
	(4,2),
	(5,2),
	(6,2),
	(7,2),
	(8,2),
	(9,2),
	(10,2),
	(11,3),
	(12,3),
	(13,3),
	(14,3),
	(15,3),
	(16,3),
	(17,3),
	(23,6),
	(24,6),
	(25,6),
	(26,6),
	(27,6),
	(28,7),
	(29,7),
	(30,7),
	(31,7),
	(32,10),
	(33,10),
	(34,10),
	(35,10),
	(36,11),
	(37,11),
	(38,11),
	(39,11),
	(40,11),
	(41,12),
	(18,24),
	(19,25),
	(20,25),
	(21,26),
	(22,26);

/*!40000 ALTER TABLE `productgrouprel` ENABLE KEYS */;
UNLOCK TABLES;



/*!40111 SET SQL_NOTES=@OLD_SQL_NOTES */;
/*!40101 SET SQL_MODE=@OLD_SQL_MODE */;
/*!40014 SET FOREIGN_KEY_CHECKS=@OLD_FOREIGN_KEY_CHECKS */;
/*!40101 SET CHARACTER_SET_CLIENT=@OLD_CHARACTER_SET_CLIENT */;
/*!40101 SET CHARACTER_SET_RESULTS=@OLD_CHARACTER_SET_RESULTS */;
/*!40101 SET COLLATION_CONNECTION=@OLD_COLLATION_CONNECTION */;
